<?xml version="1.0" encoding="UTF-8" standalone="yes"?>
<manifest>
  <control namespace="Company.Demo" constructor="BotIframe" version="1.0.0" display-name-key="Bot Iframe (Website Channel)" description-key="Embeds the Copilot Studio Website channel via an iframe; URL supplied at runtime." control-type="virtual" api-version="1.3.18">
    <property name="botUrl" display-name-key="Bot URL" description-key="The Website channel URL from Copilot Studio" of-type="SingleLine.Text" usage="bound" required="true"/>
    <resources>
      <code path="bundle.js" order="1"/>
      <css path="styles.css" order="2"/>
      <platform-library name="React" version="16.8.6"/>
    </resources>
    <feature-usage>
      <uses-feature name="WebAPI" required="false"/>
    </feature-usage>
    <built-by name="pac" version="1.51.1"/>
  </control>
</manifest>