<?xml version="1.0" encoding="utf-8"?>
<ImportExportXml xmlns:xsi="http://www.w3.org/2001/XMLSchema-instance">
  <Entities />
  <Roles />
  <Workflows />
  <FieldSecurityProfiles />
  <Templates />
  <EntityMaps />
  <EntityRelationships />
  <OrganizationSettings />
  <optionsets />
  <CustomControls>
    <CustomControl Name="dt_Company.BotIframe" IntroducedVersion="1.0.0">
      <FileName>Controls/dt_Company.BotIframe/ControlManifest.xml</FileName>
    </CustomControl>
  </CustomControls>
  <SolutionPluginAssemblies />
  <EntityDataProviders />
  <Languages>
    <Language>1033</Language>
  </Languages>
</ImportExportXml>